---
title: "Chached Table"
emoji: "🗂"
type: "tech" # tech: 技術記事 / idea: アイデア
topics: ["TiDB"]
published: false
---

# はじめに
# 制約
## 事前準備
```sql
create database test2;
use test2;
create table t1 (id int not null primary key auto_increment, text longtext);
ALTER TABLE t1 CACHE;
INSERT INTO t2 (text) VALUES (CONCAT(REPEAT('a', 6291400), 'xyz')); -- about 10 times
select id, CHAR_LENGTH(text) as textcounts from t1;
```

### キャッシュテーブル化するタイミングで64MiB以上の場合
```sql
create database test2;
use test2;
create table t2 (id int not null primary key auto_increment, text longtext);
INSERT INTO t2 (text) VALUES (CONCAT(REPEAT('a', 6291400), 'xyz')); -- about 10 times
select id, CHAR_LENGTH(text) as textcounts from t1;
```
`ALTER TABLE t2 CACHE;`を実施
```sql
mysql> analyze table t1, t2;
mysql> show table status;
+------+--------+---------+------------+------+----------------+-------------+-----------------+--------------+-----------+----------------+---------------------+-------------+------------+-------------+----------+----------------+---------+
| Name | Engine | Version | Row_format | Rows | Avg_row_length | Data_length | Max_data_length | Index_length | Data_free | Auto_increment | Create_time         | Update_time | Check_time | Collation   | Checksum | Create_options | Comment |
+------+--------+---------+------------+------+----------------+-------------+-----------------+--------------+-----------+----------------+---------------------+-------------+------------+-------------+----------+----------------+---------+
| t1   | InnoDB |      10 | Compact    |   11 |        1048591 |    11534501 |               0 |            0 |         0 |             14 | 2024-02-13 07:15:27 | NULL        | NULL       | utf8mb4_bin |          | cached=on      |         |
| t2   | InnoDB |      10 | Compact    |   11 |        6291415 |    69205565 |               0 |            0 |         0 |             14 | 2024-02-13 07:17:42 | NULL        | NULL       | utf8mb4_bin |          |                |         |
+------+--------+---------+------------+------+----------------+-------------+-----------------+--------------+-----------+----------------+---------------------+-------------+------------+-------------+----------+----------------+---------+
2 rows in set (0.01 sec)

mysql> ALTER TABLE t2 CACHE;
ERROR 8242 (HY000): 'table too large' is unsupported on cache tables.
mysql> 
```

### キャッシュテーブルにINSERT（そのタイミングで64MiB制約を超える）
```sql
mysql> select id, CHAR_LENGTH(text) as textcounts from t2;
+----+------------+
| id | textcounts |
+----+------------+
|  3 |    6291403 |
|  4 |    6291403 |
|  5 |    6291403 |
|  6 |    6291403 |
|  7 |    6291403 |
|  8 |    6291403 |
|  9 |    6291403 |
| 10 |    6291403 |
| 11 |    6291403 |
| 12 |    6291403 |
+----+------------+
10 rows in set (0.42 sec)

mysql> analyze table t1, t2;
Query OK, 0 rows affected, 2 warnings (0.55 sec)

mysql> show table status;
+------+--------+---------+------------+------+----------------+-------------+-----------------+--------------+-----------+----------------+---------------------+-------------+------------+-------------+----------+----------------+---------+
| Name | Engine | Version | Row_format | Rows | Avg_row_length | Data_length | Max_data_length | Index_length | Data_free | Auto_increment | Create_time         | Update_time | Check_time | Collation   | Checksum | Create_options | Comment |
+------+--------+---------+------------+------+----------------+-------------+-----------------+--------------+-----------+----------------+---------------------+-------------+------------+-------------+----------+----------------+---------+
| t1   | InnoDB |      10 | Compact    |   11 |        1048591 |    11534501 |               0 |            0 |         0 |             14 | 2024-02-13 07:15:27 | NULL        | NULL       | utf8mb4_bin |          | cached=on      |         |
| t2   | InnoDB |      10 | Compact    |   10 |        6291415 |    62914150 |               0 |            0 |         0 |             14 | 2024-02-13 07:17:42 | NULL        | NULL       | utf8mb4_bin |          |                |         |
+------+--------+---------+------------+------+----------------+-------------+-----------------+--------------+-----------+----------------+---------------------+-------------+------------+-------------+----------+----------------+---------+
2 rows in set (0.01 sec)

mysql> ALTER TABLE t2 CACHE;
Query OK, 0 rows affected (0.77 sec)
```

`show table status`だとなぜか少しデータサイズ増えてます（64MiBも超えているように見える）が、そもそもこの値は正確ではないので、だいたいそれくらい、という理解で良いかと思います。
※いずれにせよ、キャッシュテーブルにはなります。
`ALTER TABLE t2 CACHE;`を実施
```sql
mysql> show table status;
+------+--------+---------+------------+------+----------------+-------------+-----------------+--------------+-----------+----------------+---------------------+-------------+------------+-------------+----------+----------------+---------+
| Name | Engine | Version | Row_format | Rows | Avg_row_length | Data_length | Max_data_length | Index_length | Data_free | Auto_increment | Create_time         | Update_time | Check_time | Collation   | Checksum | Create_options | Comment |
+------+--------+---------+------------+------+----------------+-------------+-----------------+--------------+-----------+----------------+---------------------+-------------+------------+-------------+----------+----------------+---------+
| t1   | InnoDB |      10 | Compact    |   11 |        1048591 |    11534501 |               0 |            0 |         0 |             14 | 2024-02-13 07:15:27 | NULL        | NULL       | utf8mb4_bin |          | cached=on      |         |
| t2   | InnoDB |      10 | Compact    |   11 |        6291415 |    69205565 |               0 |            0 |         0 |             15 | 2024-02-13 07:36:10 | NULL        | NULL       | utf8mb4_bin |          | cached=on      |         |
+------+--------+---------+------------+------+----------------+-------------+-----------------+--------------+-----------+----------------+---------------------+-------------+------------+-------------+----------+----------------+---------+
2 rows in set (0.01 sec)

mysql> INSERT INTO t2 (text) VALUES (CONCAT(REPEAT('a', 6291400), 'xyz'));
ERROR 8242 (HY000): 'table too large' is unsupported on cache tables.
```