---
title: "ファントムリード：MySQL(InnoDB)におけるRCとRR"
emoji: "⛳"
type: "tech" # tech: 技術記事 / idea: アイデア
topics: ["MySQL","DB"]
published: false # 公開設定（falseにすると下書き）
---

# はじめに
MySQLと互換性を持ったNewSQLデータベース・・・TiDBということで、
使いはじめるなかで MySQLとの互換性について、TiDBあるあるを独断と偏見で紹介していく前に・・・
前提としてMySQLの動作確認をします。

# 前提（環境）
MySQL
```
% mysql --version
mysql  Ver 8.0.32 for macos13.0 on arm64 (Homebrew)
```

## 分離レベルの確認
MySQL
```sql
mysql> SELECT @@GLOBAL.transaction_isolation, @@transaction_isolation;
+--------------------------------+-------------------------+
| @@GLOBAL.transaction_isolation | @@transaction_isolation |
+--------------------------------+-------------------------+
| REPEATABLE-READ                | REPEATABLE-READ         |
+--------------------------------+-------------------------+
1 row in set (0.00 sec)
```


# 番外編：MySQL（InnoDB）におけるRCとRRのファントムリード発生ケースの確認
## Read Commited
2つのセッションの分離レベルをデフォルトのRepeatable ReadからRead Commitedに変更します。

Session1：
```sql
mysql> SET SESSION TRANSACTION ISOLATION LEVEL READ COMMITTED;
Query OK, 0 rows affected (0.00 sec)

mysql> SELECT @@GLOBAL.transaction_isolation, @@transaction_isolation;
+--------------------------------+-------------------------+
| @@GLOBAL.transaction_isolation | @@transaction_isolation |
+--------------------------------+-------------------------+
| REPEATABLE-READ                | READ-COMMITTED          |
+--------------------------------+-------------------------+
1 row in set (0.00 sec)
```
Session2：
```sql
mysql> SET SESSION TRANSACTION ISOLATION LEVEL READ COMMITTED;
Query OK, 0 rows affected (0.00 sec)

mysql> SELECT @@GLOBAL.transaction_isolation, @@transaction_isolation;
+--------------------------------+-------------------------+
| @@GLOBAL.transaction_isolation | @@transaction_isolation |
+--------------------------------+-------------------------+
| REPEATABLE-READ                | READ-COMMITTED          |
+--------------------------------+-------------------------+
1 row in set (0.00 sec)
```
続いて、Session1にてあるテーブルの値を確認します。
```sql
mysql> BEGIN;
Query OK, 0 rows affected (0.00 sec)

mysql> SELECT * FROM t1 WHERE id = 2;
+----+--------+
| id | name   |
+----+--------+
|  2 | mitobe |
+----+--------+
1 row in set (0.00 sec)
```
次に、Session2にてテーブル`t1`の値を変更します。
```sql
mysql> BEGIN;
Query OK, 0 rows affected (0.00 sec)

mysql> UPDATE t1 SET name = "yamada" WHERE id = 2;
Query OK, 1 row affected (0.00 sec)
Rows matched: 1  Changed: 1  Warnings: 0

mysql> COMMIT;
Query OK, 0 rows affected (0.00 sec)
```
もう一度、Session1の同じスコープ（トランザクション）内で値を確認します。
```sql
mysql> SELECT * FROM t1 WHERE id = 2;
+----+--------+
| id | name   |
+----+--------+
|  2 | yamada |
+----+--------+
1 row in set (0.01 sec)

mysql> COMMIT;
Query OK, 0 rows affected (0.00 sec)
```
これは一般的なファントムリードのケースです。